Shoal, Width,   1ft,    2ft,    3ft,    4ft,    5ft,    6ft,    7ft,    8ft,    9ft,   10ft,   Land, Mannings
  1,     0.,     0.,     0.,     0.,     0.,     0.,     0.,     0.,     0.,     0.,     0.,     0.,   0.05
  2,     0.,     0.,     0.,     0.,     0.,     0.,     0.,     0.,     0.,     0.,     0.,     0.,   0.05
  3,     0.,     0.,     0.,     0.,     0.,     0.,     0.,     0.,     0.,     0.,     0.,     0.,   0.05
  4,     0.,     0.,     0.,     0.,     0.,     0.,     0.,     0.,     0.,     0.,     0.,     0.,   0.05
  5,     0.,     0.,     0.,     0.,     0.,     0.,     0.,     0.,     0.,     0.,     0.,     0.,   0.05
  6, 10000.,     0.,     0.,     0.,     0.,     0.,     0.,     0.,     0.,     0.,     0.,  1961.,   0.3
  7, 10000.,     0.,     0.,     0.,     0.,     0.,     0.,     0.,     0.,     0.,     0.,  2864.,   0.3
  8, 10000.,     0.,     0.,     0.,     0.,     0.,     0.,     0.,     0.,     0.,     0.,  3786.,   0.3
  9, 10000.,     0.,     0.,     0.,     0.,     0.,     0.,     0.,     0.,     0.,     0.,  7799.,   0.3
 10, 10000.,     0.,     0.,     0.,     0.,     0.,     0.,     0.,     0.,     0.,     0.,  2711.,   0.3
 11,  1740.,   199.,     0.,     0.,     0.,     0.,     0.,     0.,     0.,     0.,     0.,   725.,   0.05
 12,  3395.,  1002.,    86.,   157.,     0.,     0.,     0.,     0.,     0.,     0.,     0.,    57.,   0.05
 13,  1262.,  1218.,     0.,   228.,     0.,     0.,     0.,     0.,     0.,     0.,     0.,     0.,   0.05
 14,  3909.,  2091.,     0.,   151.,     0.,     0.,     0.,     0.,     0.,     0.,     0.,   212.,   0.05
 15,  1695.,  2049.,     0.,     0.,     0.,     0.,     0.,     0.,     0.,     0.,     0.,   735.,   0.05
 16,  1155.,  2941.,    46.,   152.,    30.,   183.,    61.,     0.,     0.,     0.,     0.,   533.,   0.05
 17,  1413.,  3621.,     0.,     0.,     0.,     0.,     0.,   830.,     0.,     0.,     0.,     0.,   0.05
 18,  3975.,  3469.,     0.,     0.,     0.,     0.,     0.,     0.,     0.,     0.,     0.,     0.,   0.05
 19,  2807.,  6025.,   242.,     0.,     0.,     0.,     0.,     0.,     0.,     0.,     0.,     0.,   0.05
 20,  2715.,  5570.,    88.,   132.,   102.,   249.,   468.,   278.,     0.,     0.,     0.,   424.,   0.05
 21,   765.,     0.,     0.,    90.,    90.,   179.,   656.,  1641.,   298.,    60.,   597.,     0.,   0.05
 22,   300.,     0.,     0.,     0.,     0.,     0.,     0.,     0.,   661.,  1633.,  4939.,     0.,   0.05
 23,   424.,     0.,    30.,     0.,     0.,    30.,     0.,     0.,    30.,     0.,  3476.,   178.,   0.05
 24,  5000.,  1500.,     0.,     0.,     0.,     0.,     0.,     0.,     0.,     0.,     0.,  1905.,   1.5
 25,  5000.,  3000.,     0.,     0.,     0.,     0.,     0.,     0.,     0.,     0.,     0.,  3608.,   1.5
 26,  5000.,  3000.,     0.,     0.,     0.,     0.,     0.,     0.,     0.,     0.,     0.,  3323.,   1.5
 27,  2015.,  2059.,     0.,     0.,     0.,     0.,     0.,     0.,     0.,     0.,     0.,   368.,   0.05
 28,  1843.,  2722.,     0.,     0.,     0.,     0.,     0.,     0.,     0.,     0.,     0.,     0.,   0.05
 29,  1501.,  2485.,     0.,   119.,     0.,     0.,     0.,     0.,     0.,     0.,     0.,   179.,   0.05
 30,  1735.,  1763.,     0.,     0.,     0.,     0.,     0.,     0.,     0.,     0.,     0.,   593.,   0.05
 31,  3248.,  3304.,     0.,     0.,     0.,     0.,     0.,     0.,     0.,     0.,     0.,   698.,   0.05
 32,  1472.,  2197.,   671.,     0.,     0.,     0.,     0.,     0.,     0.,     0.,     0.,   128.,   0.05
 33,  3946.,  3915.,     0.,     0.,     0.,     0.,     0.,     0.,     0.,     0.,     0.,     0.,   0.05
 34,  1155.,  7280.,     0.,     0.,     0.,     0.,     0.,    97.,     0.,     0.,     0.,     0.,   0.05
 35,  4187.,  4095.,     0.,     0.,     0.,     0.,     0.,     0.,     0.,     0.,     0.,     0.,   0.05
 36,  2049.,  1790.,   200.,     0.,     0.,     0.,     0.,     0.,     0.,     0.,     0.,     0.,   0.05
 37,  1085.,  2607.,     0.,    15.,     0.,     0.,    15.,   165.,     0.,     0.,     0.,     0.,   0.05
 38,   702.,   119.,  2554.,  1099.,   564.,   713.,     0.,    30.,    30.,    30.,    30.,     0.,   0.05
 39,  1747.,  1060.,  3216.,  2545.,   778.,   848.,   424.,     0.,   106.,   106.,   353.,   283.,   0.05
 40,   518.,    30.,   777.,  1166.,     0.,    30.,     0.,     0.,     0.,     0.,     0.,    30.,   0.05
 41,   597.,   283.,  2325.,  3362.,   503.,    94.,     0.,    31.,     0.,     0.,     0.,    31.,   0.05
 42,  1949.,  2567.,     0.,     0.,     0.,     0.,     0.,   258.,     0.,     0.,     0.,   502.,   0.05
 43,  3655.,  3113.,     0.,    36.,    72.,    18.,    18.,   465.,     0.,     0.,     0.,     0.,   0.05
 44,  4813.,  2626.,     0.,     0.,     0.,     0.,     0.,     0.,     0.,     0.,     0.,     0.,   0.05
 45,   300.,     0.,     0.,     0.,     0.,     0.,    41.,   568.,  1542.,  1623.,  7019.,     0.,   0.05
 46,  2129.,     0.,     0.,    82.,  1479.,  3082.,  2753.,   616.,     0.,     0.,     0.,     0.,   0.05
 47,  1874.,     0.,   239.,   507.,    30.,     0.,     0.,     0.,     0.,     0.,     0.,     0.,   0.05
 48,  1240.,    89.,  1182.,   975.,   207.,     0.,     0.,     0.,     0.,     0.,     0.,     0.,   0.05
 49,  1035.,    30.,   596.,   656.,    30.,     0.,     0.,     0.,     0.,     0.,     0.,     0.,   0.05
 50,  1487.,    29.,   731.,   497.,     0.,     0.,     0.,     0.,     0.,     0.,     0.,     0.,   0.05
 51,   493.,     0.,   911.,   210.,     0.,     0.,     0.,     0.,     0.,     0.,     0.,     0.,   0.05
 52,   300.,    64.,   604.,    95.,     0.,     0.,     0.,     0.,     0.,     0.,     0.,    95.,   0.05
 53,   300.,   351.,   878.,     0.,     0.,     0.,     0.,     0.,     0.,     0.,     0.,   117.,   0.05
 54,   300.,    90.,   723.,   331.,   271.,    30.,     0.,     0.,     0.,     0.,     0.,     0.,   0.05
 55,   300.,    94.,   469.,   219.,     0.,     0.,     0.,     0.,     0.,     0.,     0.,     0.,   0.05
 56,   300.,   103.,   275.,   206.,    34.,     0.,     0.,     0.,     0.,     0.,     0.,     0.,   0.05
 57,   300.,    30.,   297.,   178.,    59.,    59.,    30.,     0.,     0.,     0.,     0.,     0.,   0.05
 58,   300.,  1331.,   548.,   235.,    78.,    39.,    39.,     0.,     0.,     0.,     0.,   157.,   0.05
 59,   300.,   159.,   477.,   159.,     0.,     0.,     0.,     0.,     0.,     0.,     0.,     0.,   0.05
 60,   300.,   658.,  1151.,    82.,     0.,     0.,     0.,     0.,     0.,     0.,     0.,   452.,   0.05
 61,   300.,     0.,     0.,     0.,     0.,     0.,     0.,     0.,     0.,     0.,     0.,  2496.,   0.05
 62,   300.,     0.,     0.,     0.,     0.,     0.,     0.,     0.,     0.,     0.,     0.,  1633.,   0.05
 63,   300.,   144.,    36.,    36.,    36.,   108.,     0.,    36.,     0.,   144.,   431.,  3303.,   0.05
 64,   300.,    30.,     0.,    30.,    30.,    30.,    30.,     0.,    61.,   152.,  1095.,  1065.,   0.05
 65,   300.,    94.,   157.,    31.,    63.,    31.,     0.,     0.,     0.,     0.,     0.,   817.,   0.05
 66,   300.,     0.,     0.,     0.,     0.,     0.,     0.,     0.,     0.,     0.,     0.,  2887.,   0.05
 67,     0.,     0.,     0.,     0.,     0.,     0.,     0.,     0.,     0.,     0.,     0.,  1493.,   0.05
 68,     0.,     0.,     0.,     0.,     0.,     0.,     0.,     0.,     0.,     0.,     0.,  2194.,   0.05
 69,     0.,     0.,     0.,     0.,     0.,     0.,     0.,     0.,     0.,     0.,     0.,     0.,   0.05
 70,   300.,     0.,     0.,    33.,    33.,    66.,   989.,  1088.,  3957.,  1781.,   396.,   132.,   0.05
 71,   543.,    83.,  2376.,  1125.,    42.,    42.,     0.,     0.,     0.,     0.,    42.,     0.,   0.05
 72,   481.,   257.,  1930.,   579.,    64.,     0.,     0.,     0.,     0.,    32.,     0.,    32.,   0.05
 73,  1148.,    61.,   917.,  1131.,     0.,     0.,     0.,     0.,     0.,     0.,     0.,   642.,   0.05
 74,  1166.,   195.,   942.,   390.,    32.,     0.,     0.,     0.,     0.,     0.,     0.,  1007.,   0.05
 75,  1325.,  1520.,     0.,     0.,     0.,     0.,     0.,   115.,     0.,     0.,     0.,     0.,   0.05
 76,  2054.,  1822.,     0.,     0.,     0.,     0.,     0.,     0.,     0.,     0.,     0.,     0.,   0.05
 77,  5361.,   652.,     0.,     0.,     0.,     0.,     0.,     0.,     0.,     0.,     0.,     0.,   0.05
 78,  2139.,  1688.,     0.,     0.,     0.,     0.,     0.,     0.,     0.,     0.,     0.,     0.,   0.05
 79,  1842.,  1676.,     0.,     0.,     0.,     0.,     0.,     0.,     0.,     0.,     0.,     0.,   0.05
 80,  1588.,  1222.,     0.,     0.,     0.,     0.,     0.,     0.,     0.,     0.,     0.,    93.,   0.05
 81,  1811.,  2584.,   437.,     0.,     0.,     0.,     0.,     0.,     0.,     0.,     0.,     0.,   0.05
 82,  3307.,  1670.,     0.,     0.,     0.,     0.,     0.,     0.,     0.,     0.,     0.,     0.,   0.05
 83,  4023.,  2090.,     0.,    18.,     0.,     0.,    18.,    91.,     0.,     0.,     0.,     0.,   0.05
 84,  6486.,   795.,     0.,     0.,     0.,     0.,     0.,     0.,     0.,     0.,     0.,     0.,   0.05
 85,  1763.,   370.,   228.,     0.,     0.,     0.,     0.,     0.,     0.,     0.,     0.,     0.,   0.05
 86,  2251.,   332.,     0.,     0.,     0.,     0.,     0.,     0.,     0.,     0.,     0.,     0.,   0.05
 87,  2199.,   721.,     0.,     0.,     0.,     0.,     0.,     0.,     0.,     0.,     0.,     0.,   0.05
 88,  1701.,  1634.,   302.,     0.,     0.,     0.,     0.,     0.,     0.,     0.,     0.,   302.,   0.05
 89,  2675.,   444.,     0.,     0.,     0.,     0.,     0.,     0.,     0.,     0.,     0.,     0.,   0.05
 90,  1189.,   799.,     0.,     0.,     0.,     0.,     0.,     0.,     0.,     0.,     0.,     0.,   0.05
 91,  4965.,  1576.,     0.,     0.,    18.,     0.,     0.,   127.,     0.,     0.,     0.,   199.,   0.05
 92,  1732.,  1971.,     0.,     0.,     0.,     0.,     0.,     0.,     0.,     0.,     0.,   679.,   0.05
 93,  2198.,  1035.,     0.,     0.,     0.,     0.,     0.,     0.,     0.,     0.,     0.,     0.,   0.05
 94,  1641.,  1798.,   381.,     0.,     0.,     0.,     0.,     0.,     0.,     0.,     0.,   345.,   0.05
 95,  1620.,  1022.,     0.,     0.,     0.,     0.,     0.,     0.,     0.,     0.,     0.,   299.,   0.05
 96,  1160.,  1921.,     0.,     0.,     0.,     0.,     0.,     0.,     0.,     0.,     0.,     0.,   0.05
 97,  2497.,   486.,     0.,     0.,     0.,     0.,     0.,     0.,     0.,     0.,     0.,   257.,   0.05
 98,  1550.,  1153.,     0.,     0.,     0.,     0.,     0.,     0.,     0.,     0.,     0.,    50.,   0.05
 99,  4590.,   718.,     0.,     0.,     0.,     0.,     0.,     0.,     0.,     0.,     0.,   502.,   0.05
100,  1469.,  2556.,   212.,     0.,     0.,     0.,     0.,     0.,     0.,     0.,     0.,   348.,   0.05
101,  1465.,   224.,   224.,   128.,   993.,  1634.,    32.,     0.,     0.,     0.,     0.,    32.,   0.05
102,  1100.,   138.,   620.,   138.,     0.,     0.,     0.,     0.,     0.,     0.,     0.,     0.,   0.05
103,  1463.,   146.,   584.,   672.,     0.,     0.,     0.,     0.,     0.,     0.,     0.,   146.,   0.05
104,  1471.,   207.,   828.,   414.,    30.,     0.,     0.,     0.,     0.,     0.,     0.,   798.,   0.05
105,  1274.,   820.,   729.,   152.,     0.,     0.,     0.,     0.,     0.,     0.,     0.,   304.,   0.05
106,  1083.,   320.,   427.,     0.,     0.,     0.,     0.,     0.,     0.,     0.,     0.,    71.,   0.05
107,  1870.,   111.,   222.,     0.,     0.,     0.,     0.,     0.,     0.,     0.,     0.,     0.,   0.05
108,   706.,    91.,   518.,    30.,     0.,     0.,     0.,     0.,     0.,     0.,     0.,     0.,   0.05
109,  1129.,    67.,   875.,   370.,     0.,    34.,     0.,     0.,     0.,     0.,     0.,     0.,   0.05
110,  3158.,    58.,   346.,     0.,     0.,     0.,     0.,     0.,     0.,     0.,     0.,     0.,   0.05
111,  4596.,    65.,   294.,    33.,     0.,     0.,     0.,     0.,     0.,     0.,     0.,     0.,   0.05
112,   910.,   437.,  1156.,   500.,   500.,   156.,   500.,    31.,     0.,     0.,     0.,    31.,   0.05
113,   373.,   295.,   265.,    29.,     0.,     0.,     0.,     0.,     0.,     0.,     0.,   206.,   0.05
114,  1422.,  1033.,    63.,     0.,     0.,     0.,     0.,     0.,     0.,     0.,     0.,   156.,   0.05
115,   388.,   137.,   549.,   343.,     0.,    34.,     0.,     0.,     0.,     0.,     0.,   240.,   0.05
116,   870.,   319.,  1115.,   223.,     0.,     0.,     0.,     0.,     0.,     0.,     0.,   127.,   0.05
117,  2337.,   197.,   493.,   230.,     0.,     0.,     0.,     0.,     0.,     0.,     0.,     0.,   0.05
118,   536.,   507.,   507.,   222.,    32.,     0.,     0.,     0.,     0.,     0.,     0.,    95.,   0.05
119,   399.,   257.,   542.,   228.,     0.,     0.,     0.,     0.,     0.,     0.,     0.,     0.,   0.05
120,  1302.,   145.,   833.,   797.,   290.,    36.,     0.,     0.,     0.,     0.,     0.,     0.,   0.05
121,   783.,   117.,   525.,   175.,     0.,     0.,     0.,     0.,     0.,     0.,     0.,    29.,   0.05
122,  1178.,   438.,   573.,   135.,   169.,   438.,   438.,     0.,     0.,     0.,     0.,   135.,   0.05
123,   421.,   308.,  1438.,    68.,     0.,     0.,     0.,     0.,     0.,     0.,     0.,     0.,   0.05
124,   370.,   212.,  1424.,    91.,     0.,     0.,     0.,     0.,     0.,     0.,     0.,   606.,   0.05
125,     0.,     0.,     0.,     0.,     0.,     0.,     0.,     0.,     0.,     0.,     0.,  1328.,   0.05
126, 10000.,  2000.,     0.,     0.,     0.,     0.,     0.,     0.,     0.,     0.,     0.,  2286.,   1.5
127, 10000.,  1500.,     0.,     0.,     0.,     0.,     0.,     0.,     0.,     0.,     0.,  1568.,   1.5
128,     0.,     0.,     0.,     0.,     0.,     0.,     0.,     0.,     0.,     0.,     0.,  1819.,   0.05
129,  1546.,  1013.,   328.,     0.,     0.,     0.,     0.,     0.,     0.,     0.,     0.,  1226.,   0.05
130,  1140.,   944.,     0.,     0.,     0.,     0.,     0.,     0.,     0.,     0.,     0.,   315.,   0.05
131,   405.,   964.,     0.,     0.,    39.,     0.,     0.,    39.,     0.,     0.,     0.,     0.,   0.05
132,  2268.,   754.,     0.,     0.,     0.,     0.,     0.,     0.,     0.,     0.,     0.,   740.,   0.05
133,  2040.,   718.,    97.,     0.,     0.,     0.,     0.,     0.,     0.,     0.,     0.,  2134.,   0.05
134,     0.,     0.,     0.,     0.,     0.,     0.,     0.,     0.,     0.,     0.,     0.,  1293.,   0.05
135, 10000.,  1800.,     0.,     0.,     0.,     0.,     0.,     0.,     0.,     0.,     0.,  1930.,   2.
136,  5000.,  1200.,    10.,     0.,     0.,     0.,     0.,     0.,     0.,     0.,     0.,  1362.,   2.
137,  5000.,  1500.,     0.,     0.,     0.,     0.,     0.,     0.,     0.,     0.,     0.,  1855.,   2.
138,  5000.,   600.,    10.,     0.,     0.,     0.,     0.,     0.,     0.,     0.,     0.,   747.,   2.
139,  5000.,  1500.,    20.,     0.,     0.,     0.,     0.,     0.,     0.,     0.,     0.,  1607.,   2.
140,  5000.,  1200.,     0.,     0.,     0.,     0.,     0.,     0.,     0.,     0.,     0.,  1369.,   2.
141,  5000.,  2000.,     0.,     0.,     0.,     0.,     0.,     0.,     0.,     0.,     0.,  2168.,   2.
142, 20000.,  1500.,     0.,     0.,     0.,     0.,     0.,     0.,     0.,     0.,     0.,  1682.,   4.
143, 20000.,  2000.,    10.,     0.,     0.,     0.,     0.,     0.,     0.,     0.,     0.,  2109.,   4.
144, 20000.,  2800.,    20.,     0.,     0.,     0.,     0.,     0.,     0.,     0.,     0.,  2910.,   4.
145,   543.,   955.,     0.,     0.,     0.,     0.,     0.,     0.,     0.,     0.,     0.,   682.,   0.05
146,   718.,   340.,   624.,     0.,     0.,     0.,     0.,     0.,     0.,     0.,     0.,   510.,   0.05
147,     0.,     0.,     0.,     0.,     0.,     0.,     0.,     0.,     0.,     0.,     0.,  1003.,   0.05
148,   276.,     0.,    41.,     0.,    41.,     0.,     0.,     0.,     0.,     0.,     0.,  1441.,   0.05
149,  8000.,  1500.,     0.,     0.,     0.,     0.,     0.,     0.,     0.,     0.,     0.,  1768.,   1.2
150,  8000.,  2000.,     0.,     0.,     0.,     0.,     0.,     0.,     0.,     0.,     0.,  2272.,   1.2
151,  8000.,  2800.,     0.,     0.,     0.,     0.,     0.,     0.,     0.,     0.,     0.,  3034.,   1.2
152,     0.,     0.,     0.,     0.,     0.,     0.,     0.,     0.,     0.,     0.,     0.,  2087.,   0.05
153,     0.,     0.,     0.,     0.,     0.,     0.,     0.,     0.,     0.,     0.,     0.,   712.,   0.05
154,   428.,   286.,   222.,    63.,    32.,     0.,     0.,     0.,     0.,     0.,     0.,  1840.,   0.05
155,   434.,   198.,   165.,     0.,     0.,     0.,     0.,     0.,     0.,     0.,     0.,    33.,   0.05
156,  1117.,   322.,   450.,   643.,    32.,     0.,     0.,     0.,     0.,     0.,     0.,   257.,   0.05
157,  2584.,   981.,  1397.,   208.,     0.,     0.,     0.,     0.,     0.,     0.,     0.,  1041.,   0.05
158,  2155.,   122.,   306.,    61.,     0.,     0.,     0.,     0.,     0.,     0.,     0.,    31.,   0.05
159,  1666.,   330.,   264.,    99.,   165.,   198.,     0.,     0.,     0.,     0.,     0.,  1254.,   0.05
160,  1355.,   277.,    92.,    92.,    92.,   801.,     0.,     0.,     0.,     0.,     0.,   585.,   0.05
161,     0.,     0.,     0.,     0.,     0.,     0.,     0.,     0.,     0.,     0.,     0.,   639.,   0.05
162,     0.,     0.,     0.,     0.,     0.,     0.,     0.,     0.,     0.,     0.,     0.,  2248.,   0.05
163,  2794.,     0.,     0.,     0.,     0.,     0.,     0.,     0.,     0.,     0.,     0.,  1787.,   0.05
164,     0.,     0.,     0.,     0.,     0.,     0.,     0.,     0.,     0.,     0.,     0.,   686.,   0.05
165,  3586.,   258.,     0.,     0.,     0.,     0.,     0.,     0.,     0.,     0.,     0.,   201.,   0.05
166,  1200.,   389.,     0.,     0.,     0.,     0.,     0.,     0.,     0.,     0.,     0.,  1345.,   0.05
167,     0.,     0.,     0.,     0.,     0.,     0.,     0.,     0.,     0.,     0.,     0.,   783.,   0.05
168, 20000.,  1200.,     0.,     0.,     0.,     0.,     0.,     0.,     0.,     0.,     0.,  1594.,   3.
169, 20000.,   600.,     0.,     0.,     0.,     0.,     0.,     0.,     0.,     0.,     0.,   667.,   3.
170, 20000.,  2000.,     0.,     0.,     0.,     0.,     0.,     0.,     0.,     0.,     0.,  2102.,   3.
171, 20000.,  1500.,    10.,     0.,     0.,     0.,     0.,     0.,     0.,     0.,     0.,  1668.,   3.
172, 20000.,   300.,     0.,     0.,     0.,     0.,     0.,     0.,     0.,     0.,     0.,   355.,   3.
173, 20000.,  2800.,     0.,     0.,     0.,     0.,     0.,     0.,     0.,     0.,     0.,  2988.,   3.
174, 20000.,  1300.,     0.,     0.,     0.,     0.,     0.,     0.,     0.,     0.,     0.,  1302.,   3.
175,     0.,     0.,     0.,     0.,     0.,     0.,     0.,     0.,     0.,     0.,     0.,  1211.,   0.05
176,     0.,     0.,     0.,     0.,     0.,     0.,     0.,     0.,     0.,     0.,     0.,  1206.,   0.05
177,   270.,     0.,     0.,     0.,     0.,     0.,     0.,     0.,     0.,     0.,     0.,   915.,   0.05
178,     0.,     0.,     0.,     0.,     0.,     0.,     0.,     0.,     0.,     0.,     0.,   491.,   0.05
179,   319.,   148.,   444.,   267.,   474.,     0.,     0.,     0.,     0.,     0.,     0.,  1096.,   0.05
180,     0.,     0.,     0.,     0.,     0.,     0.,     0.,     0.,     0.,     0.,     0.,   762.,   0.05
181,   418.,   307.,    31.,     0.,     0.,     0.,     0.,     0.,     0.,     0.,     0.,   828.,   0.05
182,   976.,     0.,    38.,     0.,     0.,     0.,     0.,     0.,     0.,     0.,     0.,  2191.,   0.05
183,   259.,   245.,   368.,    31.,     0.,     0.,     0.,     0.,     0.,     0.,     0.,    31.,   0.05
184,   619.,    87.,   116.,     0.,     0.,     0.,     0.,     0.,     0.,     0.,     0.,   348.,   0.05
185,   468.,    58.,    58.,     0.,     0.,     0.,     0.,     0.,     0.,     0.,     0.,  1070.,   0.05
186,   175.,    81.,   189.,     0.,     0.,     0.,     0.,     0.,     0.,     0.,     0.,     0.,   0.05
187,   277.,   333.,   121.,    61.,     0.,     0.,     0.,     0.,     0.,     0.,     0.,   182.,   0.05
188,   300.,     0.,     0.,     0.,     0.,     0.,     0.,     0.,     0.,     0.,     0.,   418.,   0.05
189,   510.,     0.,     0.,     0.,     0.,     0.,     0.,     0.,     0.,     0.,     0.,   412.,   0.05
190,     0.,     0.,     0.,     0.,     0.,     0.,     0.,     0.,     0.,     0.,     0.,   376.,   0.05
191,   310.,   232.,   271.,    77.,     0.,     0.,     0.,     0.,     0.,     0.,     0.,  1044.,   0.05
192,   590.,     0.,     0.,     0.,     0.,     0.,     0.,     0.,     0.,     0.,     0.,   625.,   0.05
193,   451.,   179.,    60.,    60.,   119.,   626.,     0.,     0.,     0.,     0.,     0.,   894.,   0.05
194,   659.,    31.,    61.,    92.,    61.,    92.,   275.,  2503.,  1160.,     0.,     0.,   641.,   0.05
195,   837.,   403.,   155.,    31.,    31.,     0.,     0.,     0.,     0.,     0.,     0.,   496.,   0.05
196,   291.,   203.,    68.,     0.,     0.,     0.,     0.,     0.,     0.,     0.,     0.,  1080.,   0.05
197,   942.,     0.,     0.,     0.,     0.,     0.,     0.,     0.,     0.,     0.,     0.,   527.,   0.05
198,   604.,   256.,   147.,    37.,     0.,     0.,     0.,     0.,     0.,     0.,     0.,   806.,   0.05
199,  1115.,    90.,     0.,     0.,     0.,     0.,     0.,     0.,     0.,     0.,     0.,   420.,   0.05
200,   630.,   331.,   211.,    30.,     0.,     0.,     0.,     0.,     0.,     0.,     0.,   722.,   0.05
201,   872.,   715.,   387.,     0.,     0.,     0.,     0.,     0.,     0.,     0.,     0.,    60.,   0.05
202,   844.,    30.,     0.,     0.,     0.,     0.,     0.,     0.,     0.,     0.,     0.,  1766.,   0.05
203,     0.,     0.,     0.,     0.,     0.,     0.,     0.,     0.,     0.,     0.,     0.,   407.,   0.05
204,   865.,   155.,    31.,     0.,     0.,     0.,     0.,     0.,     0.,     0.,     0.,   618.,   0.05
205,   422.,   324.,   442.,   206.,    59.,     0.,     0.,     0.,     0.,     0.,     0.,   442.,   0.05
206,  1037.,    82.,    41.,     0.,    41.,     0.,     0.,     0.,     0.,     0.,     0.,   411.,   0.05
207,   978.,     0.,    39.,     0.,     0.,     0.,     0.,     0.,     0.,     0.,     0.,  1213.,   0.05
208,  1249.,   328.,     0.,     0.,     0.,     0.,     0.,     0.,     0.,     0.,     0.,  2027.,   0.05
209,     0.,     0.,     0.,     0.,     0.,     0.,     0.,     0.,     0.,     0.,     0.,   696.,   0.05
210,  1314.,   105.,     0.,     0.,     0.,     0.,     0.,     0.,     0.,     0.,     0.,   488.,   0.05
211,   470.,   221.,   379.,    95.,   126.,     0.,     0.,     0.,     0.,     0.,     0.,   316.,   0.05
212,   766.,   221.,    32.,    32.,     0.,     0.,     0.,     0.,     0.,     0.,     0.,   789.,   0.05
213,   319.,   553.,   349.,   145.,     0.,     0.,     0.,     0.,    29.,     0.,     0.,   175.,   0.05
214,   529.,     0.,     0.,     0.,     0.,     0.,     0.,     0.,     0.,     0.,     0.,   424.,   0.05
215,  2267.,   176.,    29.,     0.,     0.,     0.,     0.,     0.,     0.,     0.,     0.,   644.,   0.05
216,  1201.,   619.,    59.,     0.,     0.,     0.,     0.,     0.,     0.,     0.,     0.,   855.,   0.05
217,  1249.,   695.,   104.,     0.,     0.,     0.,     0.,     0.,     0.,     0.,     0.,   764.,   0.05
218,  1221.,   195.,     0.,    32.,     0.,     0.,     0.,     0.,     0.,     0.,     0.,  1072.,   0.05
219,  1092.,  1443.,   545.,     0.,     0.,     0.,     0.,     0.,     0.,     0.,     0.,   256.,   0.05
220,   754.,  1642.,   418.,     0.,     0.,     0.,     0.,    30.,     0.,     0.,     0.,  2090.,   0.05
221,   715.,   628.,   331.,     0.,     0.,     0.,     0.,     0.,     0.,     0.,     0.,   132.,   0.05
222,   898.,   190.,   267.,   152.,    38.,     0.,     0.,     0.,     0.,     0.,     0.,     0.,   0.05
223,  1023.,   146.,   378.,   175.,    58.,     0.,     0.,     0.,     0.,     0.,     0.,     0.,   0.05
224,  1454.,   236.,   531.,   206.,     0.,     0.,     0.,     0.,     0.,     0.,     0.,   236.,   0.05
225,   344.,   112.,   168.,     0.,     0.,     0.,     0.,     0.,     0.,     0.,     0.,    28.,   0.05
226,   400.,   928.,   359.,   209.,    30.,     0.,    30.,     0.,     0.,     0.,     0.,   419.,   0.05
227,   310.,   573.,  1273.,   382.,     0.,    32.,     0.,     0.,     0.,     0.,     0.,    95.,   0.05
228,   865.,   114.,    86.,     0.,     0.,     0.,     0.,     0.,     0.,     0.,     0.,    29.,   0.05
229,   396.,   300.,   150.,     0.,     0.,     0.,     0.,     0.,     0.,     0.,     0.,   120.,   0.05
230,  1260.,  1062.,   236.,    79.,     0.,     0.,     0.,     0.,     0.,     0.,     0.,   944.,   0.05
231,  1304.,   458.,   649.,   153.,     0.,     0.,     0.,     0.,     0.,     0.,     0.,    38.,   0.05
232,   485.,   124.,   837.,   496.,   310.,   124.,    31.,    31.,     0.,     0.,     0.,     0.,   0.05
233,   394.,   650.,  1654.,   502.,     0.,     0.,     0.,     0.,    30.,     0.,     0.,   148.,   0.05
234,   367.,   314.,   274.,    39.,     0.,     0.,     0.,     0.,     0.,     0.,     0.,   157.,   0.05
235,   481.,   695.,   758.,   158.,     0.,     0.,     0.,     0.,     0.,     0.,     0.,   347.,   0.05
236,   767.,    69.,   831.,   312.,    35.,     0.,     0.,     0.,     0.,     0.,     0.,   658.,   0.05
237,   630.,    68.,    68.,   136.,   204.,   170.,    68.,    68.,   170.,     0.,    68.,  2897.,   0.05
238,   178.,    82.,    82.,     0.,     0.,     0.,     0.,     0.,     0.,     0.,     0.,   137.,   0.05
239,     0.,     0.,     0.,     0.,     0.,     0.,     0.,     0.,     0.,     0.,     0.,   550.,   0.05
240,   907.,    41.,     0.,    82.,    41.,    41.,    41.,     0.,     0.,     0.,     0.,  7415.,   0.05
241,    45.,    33.,     0.,    50.,    50.,     0.,   160.,    50.,     0.,     0.,     0.,  3758.,   0.05
242,    50.,     0.,    50.,    50.,     0.,     0.,   100.,   100.,     0.,     0.,     0.,  4360.,   0.05
243,   224.,   488.,   384.,    35.,     0.,     0.,     0.,     0.,     0.,     0.,     0.,  1256.,   0.05
244,   354.,  1112.,   247.,    31.,     0.,     0.,     0.,     0.,    31.,     0.,     0.,  1112.,   0.05
245,   301.,   184.,     0.,     0.,     0.,     0.,     0.,     0.,     0.,     0.,     0.,    74.,   0.05
246,   314.,   592.,   178.,     0.,     0.,     0.,     0.,     0.,     0.,     0.,     0.,   415.,   0.05
247,   265.,    78.,    26.,     0.,     0.,     0.,     0.,     0.,     0.,     0.,     0.,   155.,   0.05
248,   381.,   301.,    30.,     0.,     0.,     0.,     0.,     0.,     0.,     0.,     0.,   481.,   0.05
249,  1356.,   182.,   219.,   255.,    73.,     0.,    36.,     0.,     0.,     0.,     0.,   728.,   0.05
250,   263.,    35.,     0.,    35.,     0.,     0.,     0.,     0.,     0.,     0.,     0.,   557.,   0.05
251,   176.,     0.,    29.,     0.,     0.,     0.,     0.,     0.,     0.,     0.,     0.,   485.,   0.05
252,   164.,   444.,   171.,     0.,     0.,     0.,     0.,     0.,     0.,     0.,     0.,   171.,   0.05
253,   123.,   141.,   169.,     0.,     0.,     0.,     0.,     0.,     0.,     0.,     0.,     0.,   0.05
254,   196.,   454.,   616.,    32.,     0.,     0.,     0.,     0.,     0.,     0.,     0.,   519.,   0.05
255,  1572.,    53.,     0.,     0.,     0.,     0.,     0.,     0.,     0.,     0.,     0.,   315.,   0.05
256,  1333.,   666.,    30.,     0.,     0.,     0.,     0.,     0.,     0.,     0.,     0.,  1089.,   0.05
257,   418.,   338.,   135.,    34.,     0.,     0.,     0.,     0.,     0.,     0.,     0.,  1014.,   0.05
258,   526.,   616.,    59.,    29.,     0.,     0.,     0.,     0.,     0.,     0.,     0.,   674.,   0.05
259,   458.,   198.,   113.,    28.,     0.,     0.,     0.,     0.,     0.,     0.,     0.,   310.,   0.05
260,   524.,   186.,     0.,    31.,     0.,     0.,     0.,     0.,     0.,     0.,     0.,   466.,   0.05
261,   366.,   477.,   318.,    95.,     0.,     0.,     0.,     0.,     0.,     0.,     0.,   350.,   0.05
262,   555.,    95.,     0.,     0.,     0.,     0.,     0.,     0.,     0.,     0.,     0.,   315.,   0.05
263,   307.,   880.,   455.,   121.,    30.,     0.,     0.,     0.,     0.,     0.,     0.,   425.,   0.05
264,   730.,   216.,   108.,    72.,    36.,   251.,   251.,   647.,     0.,     0.,     0.,    36.,   0.05
265,   403.,   482.,   371.,     0.,     0.,     0.,     0.,     0.,     0.,     0.,     0.,   148.,   0.05
266,   252.,    60.,    30.,    90.,    30.,   209.,   478.,   418.,  1015.,     0.,     0.,     0.,   0.05
267,   817.,   109.,    36.,     0.,     0.,     0.,     0.,     0.,     0.,     0.,     0.,   109.,   0.05
268,  1060.,    29.,     0.,     0.,     0.,     0.,     0.,     0.,     0.,     0.,     0.,   586.,   0.05
269,   716.,   155.,     0.,     0.,     0.,     0.,     0.,     0.,     0.,     0.,     0.,  1433.,   0.05
270,   638.,     0.,     0.,     0.,     0.,     0.,     0.,     0.,     0.,     0.,     0.,  1007.,   0.05
271,   322.,     0.,     0.,     0.,     0.,     0.,     0.,     0.,     0.,     0.,     0.,  1632.,   0.05
272,   121.,     0.,    66.,     0.,     0.,     0.,    66.,     0.,    66.,     0.,     0.,  2118.,   0.05
273,     0.,     0.,     0.,     0.,     0.,     0.,     0.,     0.,     0.,     0.,     0.,  1226.,   0.05
274,     0.,     0.,     0.,     0.,     0.,     0.,     0.,     0.,     0.,     0.,     0.,  2491.,   0.05
275,   266.,   300.,   120.,    60.,     0.,     0.,     0.,     0.,     0.,     0.,     0.,   751.,   0.05
276,   662.,    70.,   174.,   174.,     0.,     0.,     0.,     0.,     0.,     0.,     0.,    35.,   0.05
277,   363.,    61.,   122.,    61.,   152.,   366.,   305.,     0.,     0.,     0.,     0.,   183.,   0.05
278,   381.,     0.,    39.,     0.,     0.,     0.,   310.,   658.,  1200.,     0.,     0.,   155.,   0.05
279,   390.,   262.,    98.,     0.,    98.,   131.,   294.,     0.,     0.,     0.,     0.,    98.,   0.05
280,    96.,    74.,     0.,   298.,     0.,     0.,     0.,     0.,     0.,     0.,     0.,   112.,   0.05
281,    91.,    31.,   124.,   247.,   185.,     0.,     0.,     0.,     0.,     0.,     0.,   618.,   0.05
282,    89.,     0.,     0.,     0.,     0.,     0.,     0.,     0.,     0.,     0.,     0.,   390.,   0.05
283,   113.,    37.,     0.,     0.,     0.,     0.,     0.,     0.,     0.,     0.,     0.,   374.,   0.05
284,     0.,     0.,     0.,     0.,     0.,     0.,     0.,     0.,     0.,     0.,     0.,   314.,   0.05
285,    54.,     0.,     0.,     0.,     0.,     0.,     0.,     0.,     0.,     0.,     0.,  1057.,   0.05
286,    17.,    29.,    29.,    29.,    29.,    29.,    29.,     0.,     0.,    29.,     0.,   846.,   0.05
287,     0.,     0.,     0.,     0.,     0.,     0.,     0.,     0.,     0.,     0.,     0.,  1370.,   0.05
288,    35.,     0.,     0.,     0.,     0.,     0.,     0.,     0.,     0.,     0.,     0.,  5670.,   0.05
289,   296.,     0.,     0.,     0.,     0.,     0.,     0.,     0.,     0.,     0.,     0.,  3170.,   0.05
290,     0.,     0.,     0.,     0.,     0.,     0.,     0.,     0.,     0.,     0.,     0.,  1625.,   0.05
291,    37.,     0.,     0.,     0.,     0.,     0.,     0.,     0.,     0.,     0.,     0.,  2315.,   0.05
292,   300.,     0.,    29.,     0.,     0.,     0.,     0.,     0.,     0.,    29.,     0.,   490.,   0.05
293,   198.,     0.,     0.,   105.,    35.,     0.,     0.,     0.,     0.,     0.,     0.,  1500.,   0.05
294,   239.,     0.,    38.,    38.,     0.,    38.,   189.,  1705.,     0.,     0.,     0.,   152.,   0.05
295,   300.,     0.,     0.,     0.,     0.,     0.,     0.,     0.,     0.,     0.,     0.,   948.,   0.05
296,     0.,     0.,     0.,     0.,     0.,     0.,     0.,     0.,     0.,     0.,     0.,   428.,   0.05
297,    47.,     0.,    89.,   118.,    89.,   295.,    30.,     0.,     0.,     0.,     0.,   650.,   0.05
298,     0.,     0.,     0.,     0.,     0.,     0.,     0.,     0.,     0.,     0.,     0.,   263.,   0.05
299,   206.,     0.,     0.,     0.,     0.,     0.,     0.,     0.,     0.,     0.,     0.,   941.,   0.05
300,     0.,     0.,     0.,     0.,     0.,     0.,     0.,     0.,     0.,     0.,     0.,   966.,   0.05
301,     0.,     0.,     0.,     0.,     0.,     0.,     0.,     0.,     0.,     0.,     0.,   436.,   0.05
302,    40.,    32.,    32.,    32.,     0.,     0.,    97.,     0.,   130.,     0.,     0.,   227.,   0.05
303,   212.,     0.,     0.,     0.,     0.,     0.,     0.,     0.,     0.,     0.,     0.,   379.,   0.05
304,   300.,     0.,     0.,     0.,     0.,     0.,     0.,     0.,     0.,     0.,     0.,  1105.,   0.05
305,   231.,     0.,     0.,     0.,     0.,     0.,     0.,     0.,     0.,     0.,     0.,  1644.,   0.05
306,     0.,     0.,     0.,     0.,     0.,     0.,     0.,     0.,     0.,     0.,     0.,  1576.,   0.05
307,     0.,     0.,     0.,     0.,     0.,     0.,     0.,     0.,     0.,     0.,     0.,  2172.,   0.05
308,    71.,     0.,     0.,     0.,     0.,     0.,     0.,     0.,     0.,    65.,     0.,  2720.,   0.05
309,     0.,     0.,     0.,     0.,     0.,     0.,     0.,     0.,     0.,     0.,     0.,  2819.,   0.05
310,   750.,     0.,     0.,     0.,     0.,     0.,     0.,     0.,     0.,    60.,     0.,  5866.,   0.05
311,   491.,   980.,   142.,    14.,     0.,     0.,     0.,     0.,     0.,     0.,     0.,   724.,   0.05
312,    98.,    62.,     0.,     0.,     0.,     0.,    31.,     0.,     0.,     0.,     0.,  2862.,   0.05
313,     0.,     0.,     0.,     0.,     0.,     0.,     0.,     0.,     0.,     0.,     0.,   776.,   0.05
314,     0.,     0.,     0.,     0.,     0.,     0.,     0.,     0.,     0.,     0.,     0.,   972.,   0.05
315,    46.,   120.,     0.,     0.,     0.,     0.,     0.,     0.,     0.,     0.,     0.,   820.,   0.05
316,   120.,    37.,    37.,    37.,     0.,    37.,     0.,     0.,     0.,     0.,     0.,  1844.,   0.05
317,   125.,   246.,    62.,     0.,     0.,     0.,     0.,     0.,     0.,     0.,     0.,  1570.,   0.05
318,    51.,     0.,    41.,    41.,     0.,     0.,     0.,     0.,     0.,     0.,     0.,  1677.,   0.05
319,     0.,     0.,     0.,     0.,     0.,     0.,     0.,     0.,     0.,     0.,     0.,   985.,   0.05
320,     0.,     0.,     0.,     0.,     0.,     0.,     0.,     0.,     0.,     0.,     0.,  3022.,   0.05
321,   118.,    66.,     0.,    33.,   132.,    99.,     0.,     0.,     0.,     0.,     0.,  1421.,   0.05
322,   108.,    30.,     0.,     0.,     0.,     0.,     0.,     0.,     0.,     0.,     0.,  1999.,   0.05
323,    83.,   496.,     0.,     0.,     0.,     0.,     0.,     0.,     0.,     0.,     0.,   601.,   0.05
324,   300.,    14.,     0.,     0.,     0.,     0.,     0.,     0.,     0.,     0.,     0.,   575.,   0.05
325,   370.,   369.,    43.,   156.,   113.,     0.,     0.,     0.,     0.,     0.,     0.,   908.,   0.05
326,    76.,   494.,    51.,    68.,   119.,     0.,     0.,     0.,     0.,     0.,     0.,   273.,   0.05
327,   135.,   160.,    16.,   303.,   255.,     0.,     0.,     0.,     0.,     0.,     0.,   670.,   0.05
328,    25.,    43.,    14.,     0.,     0.,     0.,     0.,     0.,     0.,     0.,     0.,   935.,   0.05
329,   235.,   257.,     0.,     0.,     0.,     0.,     0.,     0.,     0.,     0.,     0.,   910.,   0.05
330,   300.,    15.,     0.,     0.,     0.,     0.,     0.,     0.,     0.,     0.,     0.,   265.,   0.05
331,   329.,    77.,    19.,     0.,     0.,     0.,     0.,     0.,     0.,     0.,     0.,  1414.,   0.05
332,     0.,     0.,     0.,     0.,     0.,     0.,     0.,     0.,     0.,     0.,     0.,  1699.,   0.05
333, 20000.,  2300.,  1200.,     0.,   100.,     0.,     0.,     0.,     0.,     0.,     0.,  3607.,   2.5
334, 20000.,   500.,  1000.,     0.,     0.,     0.,     0.,     0.,     0.,     0.,     0.,  1680.,   2.5
335,   160.,   739.,    35.,   123.,    70.,     0.,     0.,     0.,     0.,     0.,     0.,  1109.,   0.05
336, 15000.,   700.,   380.,     0.,     0.,     0.,     0.,     0.,     0.,     0.,     0.,  1150.,   1.7
337, 15000.,   250.,   140.,     0.,     0.,     0.,     0.,     0.,     0.,     0.,     0.,   417.,   1.7
338, 15000.,   500.,   280.,     0.,     0.,     0.,     0.,     0.,     0.,     0.,     0.,   857.,   1.7
339, 15000.,   100.,    70.,     0.,     0.,     0.,     0.,     0.,     0.,     0.,     0.,   204.,   1.7
340, 15000.,   500.,   290.,     0.,     0.,     0.,     0.,     0.,     0.,     0.,     0.,   862.,   1.7
341, 15000.,  1000.,   580.,     0.,     0.,     0.,     0.,     0.,     0.,     0.,     0.,  1644.,   1.7
342, 15000.,  1200.,   400.,     0.,     0.,     0.,     0.,     0.,     0.,     0.,     0.,  1607.,   1.7
343, 15000.,  1800.,     0.,     0.,     0.,     0.,     0.,     0.,     0.,     0.,     0.,  1963.,   1.7
344,     0.,     0.,     0.,     0.,     0.,     0.,     0.,     0.,     0.,     0.,     0.,  1335.,   0.05
345,     0.,     0.,     0.,     0.,     0.,     0.,     0.,     0.,     0.,     0.,     0.,  1810.,   0.05
346,  5000.,   520.,     0.,     0.,     0.,     0.,     0.,     0.,     0.,     0.,     0.,   526.,   0.5
347,  5000.,  2200.,     0.,     0.,     0.,     0.,     0.,     0.,     0.,     0.,     0.,  2266.,   0.5
348, 20000.,   600.,     0.,     0.,     0.,     0.,     0.,     0.,     0.,     0.,     0.,   615.,   3.0
349,     0.,     0.,     0.,     0.,     0.,     0.,     0.,     0.,     0.,     0.,     0.,  1485.,   0.05
350,   392.,   144.,   547.,    86.,     0.,     0.,     0.,     0.,     0.,     0.,     0.,   115.,   0.05
351,     0.,     0.,     0.,     0.,     0.,     0.,     0.,     0.,     0.,     0.,     0.,   340.,   0.05
352,     0.,     0.,     0.,     0.,     0.,     0.,     0.,     0.,     0.,     0.,     0.,  1690.,   0.05
353,     0.,     0.,     0.,     0.,     0.,     0.,     0.,     0.,     0.,     0.,     0.,  1381.,   0.05
354,     0.,     0.,     0.,     0.,     0.,     0.,     0.,     0.,     0.,     0.,     0.,   797.,   0.05
355,   738.,   107.,   213.,     0.,     0.,     0.,     0.,     0.,     0.,     0.,     0.,   640.,   0.05
356,  8000.,   650.,    10.,     0.,     0.,     0.,     0.,     0.,     0.,     0.,     0.,   671.,   0.5
357,  8000.,   750.,     0.,     0.,     0.,     0.,     0.,     0.,     0.,     0.,     0.,   766.,   0.5
358, 20000.,  1500.,  1150.,     0.,     0.,     0.,     0.,     0.,     0.,     0.,     0.,  2912.,   3.0
359, 20000.,  6540.,     0.,     0.,     0.,     0.,     0.,     0.,     0.,     0.,     0.,  6535.,   3.0
360, 20000.,  4455.,     0.,     0.,     0.,     0.,     0.,     0.,     0.,     0.,     0.,  4453.,   3.0
361,     0.,     0.,     0.,     0.,     0.,     0.,     0.,     0.,     0.,     0.,     0.,     0.,   0.05
362,   793.,     0.,     0.,     0.,  1446.,     0.,     0.,     0.,     0.,     0.,     0.,  1202.,   0.05
363,  1000.,     0.,     0.,     0.,  2222.,   176.,    32.,    32.,   112.,   176.,     0.,  1807.,   0.05
364,     0.,     0.,     0.,     0.,     0.,     0.,     0.,     0.,     0.,     0.,     0.,     0.,   0.05
365,     0.,     0.,     0.,     0.,     0.,     0.,     0.,     0.,     0.,     0.,     0.,  4399.,   0.05
366,   136.,     0.,     0.,     0.,     0.,     0.,     0.,     0.,     0.,     0.,     0.,  8217.,   0.05
367,     0.,     0.,     0.,     0.,     0.,     0.,     0.,     0.,     0.,     0.,     0.,     0.,   0.05
368,     0.,     0.,     0.,     0.,     0.,     0.,     0.,     0.,     0.,     0.,     0.,     0.,   0.05
369,     0.,     0.,     0.,     0.,     0.,     0.,     0.,     0.,     0.,     0.,     0.,     0.,   0.05
370,   300.,     0.,     0.,     0.,     0.,     0.,     0.,     0.,     0.,     0.,  6167.,     0.,   0.05
371,   300.,     0.,     0.,     0.,    80.,   637.,  1035.,  4458.,   716.,    40.,     0.,     0.,   0.05
372,   357.,   107.,   107.,   249.,   356.,   143.,   178.,   392.,  1497.,     0.,     0.,   677.,   0.05
373,  8000.,  2200.,    20.,     0.,     0.,     0.,     0.,     0.,     0.,     0.,     0.,  2288.,   1.
374,   696.,    30.,    30.,    89.,    89.,   865.,  1193.,   239.,     0.,     0.,     0.,   597.,   0.05
375,    78.,     0.,    61.,   122.,    30.,   822.,     0.,     0.,     0.,     0.,     0.,     0.,   0.05
376,    88.,     0.,     0.,     0.,     0.,  1027.,     0.,     0.,     0.,     0.,     0.,     0.,   0.05
377,   657.,     0.,   131.,    33.,   131.,  1633.,   294.,     0.,     0.,     0.,     0.,   163.,   0.05
378,   480.,     0.,   120.,    60.,   329.,  1047.,  1765.,     0.,     0.,     0.,     0.,    90.,   0.05
379,   373.,     0.,   165.,    66.,    99.,   132.,   198.,   595.,     0.,     0.,     0.,    66.,   0.05
380,     0.,     0.,     0.,     0.,     0.,     0.,     0.,     0.,     0.,     0.,     0.,   267.,   0.05
381,     0.,     0.,     0.,     0.,     0.,     0.,     0.,     0.,     0.,     0.,     0.,   488.,   0.05
382,   464.,    58.,    58.,    29.,   317.,     0.,     0.,     0.,     0.,     0.,     0.,   260.,   0.05
383,    66.,    59.,     0.,     0.,     0.,     0.,     0.,     0.,     0.,     0.,     0.,  1150.,   0.05
384,   387.,    37.,    37.,     0.,   412.,  3447.,     0.,     0.,     0.,     0.,     0.,    75.,   0.05
385,     0.,     0.,     0.,     0.,     0.,     0.,     0.,     0.,     0.,     0.,     0.,   984.,   0.05
386,   338.,     0.,     0.,    52.,     0.,     0.,     0.,     0.,     0.,     0.,     0.,   156.,   0.05
387,   214.,    29.,     0.,   143.,   143.,     0.,     0.,     0.,     0.,     0.,     0.,   257.,   0.05
388,   221.,   210.,   210.,     0.,     0.,     0.,     0.,     0.,     0.,     0.,     0.,   350.,   0.05
389,     0.,     0.,     0.,     0.,     0.,     0.,     0.,     0.,     0.,     0.,     0.,   580.,   0.05
390,   300.,     0.,     0.,     0.,     0.,     0.,     0.,     0.,     0.,   501.,  1150.,     0.,   0.05
391,   570.,   126.,  1384.,   252.,   126.,    63.,   189.,   566.,   346.,    63.,     0.,     0.,   0.05
392,  3244.,  1046.,     0.,     0.,     0.,     0.,     0.,     0.,     0.,     0.,     0.,     0.,   0.05
393,  1932.,  3668.,     0.,     0.,     0.,     0.,     0.,   173.,     0.,     0.,     0.,     0.,   0.05
394,  2881.,  2121.,   945.,   214.,   677.,     0.,     0.,     0.,     0.,     0.,     0.,     0.,   0.05
395,  3403.,   903.,     0.,     0.,     0.,     0.,     0.,     0.,     0.,     0.,     0.,     0.,   0.05
396,  4103.,    31.,   311.,   280.,   187.,   249.,   560.,  2239.,   933.,     0.,     0.,     0.,   0.05
397,   300.,     0.,     0.,     0.,   240.,  1198.,   616.,  1061.,   308.,     0.,     0.,     0.,   0.05
398,   888.,   322.,   497.,   351.,   615.,    88.,     0.,     0.,     0.,     0.,     0.,     0.,   0.05
399,  2808.,  3507.,   151.,     0.,     0.,     0.,     0.,     0.,     0.,     0.,     0.,     0.,   0.05
400,  1961.,  1841.,     0.,     0.,     0.,     0.,     0.,     0.,     0.,     0.,     0.,     0.,   0.05
401,  2283.,  2316.,     0.,     0.,     0.,     0.,     0.,     0.,     0.,     0.,     0.,     0.,   0.05
402,  2048.,  1191.,     0.,     0.,     0.,     0.,     0.,     0.,     0.,     0.,     0.,   131.,   0.05
403,  1101.,   472.,    15.,    59.,  2066.,     0.,     0.,     0.,     0.,     0.,     0.,     0.,   0.05
404,  2142.,  2918.,    19.,    19.,    58.,     0.,     0.,     0.,     0.,     0.,     0.,     0.,   0.05
405,  1659.,    34.,   378.,   447.,   344.,   550.,   344.,    34.,     0.,     0.,     0.,     0.,   0.05
406,   300.,     0.,     0.,    63.,  1065.,  1660.,   282.,     0.,     0.,     0.,     0.,     0.,   0.05
407,   300.,   134.,   634.,   701.,   100.,   267.,   100.,     0.,     0.,     0.,     0.,     0.,   0.05
408,   617.,   288.,   206.,    41.,    82.,   165.,   371.,  1895.,    41.,     0.,     0.,     0.,   0.05
409,   252.,    90.,    90.,    60.,    30.,    90.,   868.,    60.,     0.,     0.,     0.,    60.,   0.05
410,   363.,   108.,   613.,    72.,    72.,   216.,   722.,   180.,     0.,     0.,     0.,   938.,   0.05
411,   869.,     0.,     0.,     0.,    32.,    63.,  2021.,  2305.,     0.,     0.,     0.,   158.,   0.05
412,   401.,    30.,     0.,     0.,   243.,   821.,  1065.,     0.,     0.,     0.,     0.,   243.,   0.05
413,   353.,    35.,     0.,    35.,    69.,   657.,   554.,  1176.,    35.,     0.,     0.,    35.,   0.05
414,   125.,   157.,    39.,    79.,    39.,   550.,    79.,     0.,     0.,     0.,     0.,   667.,   0.05
415,   242.,   198.,    33.,    33.,   165.,   429.,   297.,     0.,     0.,     0.,     0.,   693.,   0.05
416,   169.,     0.,     0.,    36.,   109.,   254.,   436.,   618.,     0.,     0.,     0.,   218.,   0.05
417,   112.,    31.,     0.,     0.,   245.,  1162.,   795.,     0.,     0.,     0.,     0.,   367.,   0.05
418,   712.,   212.,    30.,    30.,    60.,    30.,     0.,     0.,     0.,     0.,     0.,  1119.,   0.05
419,    77.,    35.,     0.,     0.,     0.,   529.,  2223.,     0.,     0.,     0.,     0.,     0.,   0.05
420,   310.,    31.,     0.,    31.,   153.,  1711.,   550.,     0.,     0.,     0.,     0.,   122.,   0.05
421,   270.,   470.,   147.,     0.,     0.,     0.,     0.,     0.,     0.,     0.,     0.,   616.,   0.05
422,     0.,     0.,     0.,     0.,     0.,     0.,     0.,     0.,     0.,     0.,     0.,     0.,   0.05
423,     0.,     0.,     0.,     0.,     0.,     0.,     0.,     0.,     0.,     0.,     0.,     0.,   0.05
424,     0.,     0.,     0.,     0.,     0.,     0.,     0.,     0.,     0.,     0.,     0.,     0.,   0.05
425,     0.,     0.,     0.,     0.,     0.,     0.,     0.,     0.,     0.,     0.,     0.,     0.,   0.05